{
    "rmse": 0.7813691309414497,
    "mae": 0.6424006513778904,
    "r2": 0.03704235099637576
}